{"cameraMode":{"drawMode":0,"name":"Shaded","section":"Shading Mode"},"sceneLighting":true,"audioPlay":false,"sceneViewState":{"m_AlwaysRefresh":false,"showFog":true,"showSkybox":true,"showFlares":true,"showImageEffects":true,"showParticleSystems":true,"showVisualEffectGraphs":true,"m_FxEnabled":true},"in2DMode":false,"pivot":{"x":5.260055065155029,"y":0.3625258505344391,"z":3.3766884803771974},"rotation":{"x":-0.06595219671726227,"y":0.0011917933588847519,"z":-0.00007824178464943543,"w":-0.9978253841400147},"size":0.14561335742473603,"orthographic":false}