{"cameraMode":{"drawMode":0,"name":"Shaded","section":"Shading Mode"},"sceneLighting":false,"audioPlay":false,"sceneViewState":{"m_AlwaysRefresh":false,"showFog":true,"showSkybox":false,"showFlares":true,"showImageEffects":true,"showParticleSystems":true,"showVisualEffectGraphs":true,"m_FxEnabled":true},"in2DMode":false,"pivot":{"x":0.4031618535518646,"y":-0.43408524990081789,"z":0.6704469323158264},"rotation":{"x":0.03400762006640434,"y":-0.16711151599884034,"z":0.005767480935901403,"w":0.9853373169898987},"size":0.4717557430267334,"orthographic":false}